Reynolds number, Cd
500850.8957303892, 0.34285714285714297
997991.340272541, 0.3080745341614908
2003575.0199068296, 0.3229813664596273
