Reynolds number, Cd
997376.5913121755, 0.4024844720496894
1971061.0440283404, 0.42981366459627335
3988036.681399148, 0.4521739130434783
