Reynolds number, Cd
3591738.75216454, 0.5344051446945339
3591738.75216454, 0.5749196141479102
