Reynolds number, Cd
1005211.2405371749, 0.5054662379421223
1985950.3986072487, 0.44565916398713834
2994318.326598688, 0.42250803858520913
3554594.5257698847, 0.41864951768488756
