Reynolds number, Cd
2978795.1087758965, 0.5112540192926046
